tape.trt,tape.subj,WBLT
1,1,11.758
1,2,16.217
1,3,13.925
1,4,13.770
1,5,15.400
1,6,13.728
1,7,15.047
1,8,10.216
1,9,14.570
1,10,12.610
1,11,12.711
1,12,14.031
1,13,6.994
1,14,11.907
1,15,12.636
1,16,16.134
1,17,13.150
1,18,14.351
1,19,18.954
1,20,18.665
1,21,9.490
1,22,14.408
1,23,16.277
1,24,16.025
1,25,17.340
1,26,13.228
1,27,16.677
1,28,13.405
1,29,21.205
1,30,14.172
2,1,10.332
2,2,15.654
2,3,12.761
2,4,13.674
2,5,15.460
2,6,12.199
2,7,14.387
2,8,10.257
2,9,14.008
2,10,13.072
2,11,11.755
2,12,14.546
2,13,5.962
2,14,12.604
2,15,12.177
2,16,15.628
2,17,13.531
2,18,12.672
2,19,20.045
2,20,16.583
2,21,8.533
2,22,13.600
2,23,15.516
2,24,15.704
2,25,17.518
2,26,12.440
2,27,15.668
2,28,13.178
2,29,20.415
2,30,14.120
3,1,10.526
3,2,16.299
3,3,12.021
3,4,12.309
3,5,14.678
3,6,12.034
3,7,14.273
3,8,11.335
3,9,13.880
3,10,11.467
3,11,11.545
3,12,14.400
3,13,6.004
3,14,11.227
3,15,12.001
3,16,14.308
3,17,13.205
3,18,13.150
3,19,18.849
3,20,16.536
3,21,9.618
3,22,13.681
3,23,15.252
3,24,17.254
3,25,17.763
3,26,12.717
3,27,16.054
3,28,13.439
3,29,21.276
3,30,13.900
