subjectID,instrument,replicate,alcCont
1,1,1,167
1,1,2,111
2,1,1,134
2,1,2,96
3,1,1,123
3,1,2,86
7,1,1,141
7,1,2,89
8,1,1,99
8,1,2,51
9,1,1,167
9,1,2,113
10,1,1,142
10,1,2,82
11,1,1,83
11,1,2,59
12,1,1,77
12,1,2,51
13,1,1,112
13,1,2,84
14,1,1,119
14,1,2,74
15,1,1,136
15,1,2,134
16,1,1,129
16,1,2,134
17,1,1,64
17,1,2,47
18,1,1,108
18,1,2,113
1,2,1,153
1,2,2,101
2,2,1,118
2,2,2,76
3,2,1,124
3,2,2,79
7,2,1,140
7,2,2,86
8,2,1,89
8,2,2,50
9,2,1,139
9,2,2,94
10,2,1,142
10,2,2,67
11,2,1,75
11,2,2,55
12,2,1,62
12,2,2,41
13,2,1,96
13,2,2,69
14,2,1,94
14,2,2,60
15,2,1,122
15,2,2,120
16,2,1,116
16,2,2,111
17,2,1,61
17,2,2,36
18,2,1,90
18,2,2,99
1,3,1,147
1,3,2,96
2,3,1,112
2,3,2,68
3,3,1,111
3,3,2,71
7,3,1,128
7,3,2,80
8,3,1,87
8,3,2,44
9,3,1,135
9,3,2,94
10,3,1,140
10,3,2,61
11,3,1,72
11,3,2,51
12,3,1,69
12,3,2,38
13,3,1,90
13,3,2,66
14,3,1,92
14,3,2,57
15,3,1,103
15,3,2,114
16,3,1,101
16,3,2,102
17,3,1,49
17,3,2,33
18,3,1,80
18,3,2,90
1,4,1,148
1,4,2,103
2,4,1,128
2,4,2,79
3,4,1,125
3,4,2,82
7,4,1,146
7,4,2,88
8,4,1,86
8,4,2,47
9,4,1,137
9,4,2,95
10,4,1,137
10,4,2,72
11,4,1,76
11,4,2,60
12,4,1,73
12,4,2,48
13,4,1,90
13,4,2,74
14,4,1,96
14,4,2,66
15,4,1,122
15,4,2,129
16,4,1,128
16,4,2,125
17,4,1,55
17,4,2,38
18,4,1,90
18,4,2,99
