SampleID,Method,BAC,SD_pct
1,1,0.55,0.01
2,1,0.40,0.01
3,1,2.40,0.01
4,1,0.87,0.00
5,1,1.68,0.00
6,1,1.81,0.04
7,1,1.44,0.02
8,1,0.75,0.01
9,1,1.91,0.05
10,1,0.79,0.01
11,1,2.11,0.01
12,1,1.09,0.01
13,1,1.15,0.01
14,1,1.53,0.01
15,1,2.52,0.03
16,1,0.84,0.01
17,1,3.11,0.05
18,1,1.62,0.03
19,1,0.02,0.01
20,1,1.90,0.00
21,1,2.50,0.02
22,1,1.22,0.02
23,1,1.75,0.01
24,1,0.95,0.00
25,1,1.09,0.00
26,1,1.26,0.01
27,1,1.44,0.01
28,1,0.95,0.01
29,1,1.88,0.06
30,1,2.01,0.02
31,1,1.84,0.00
32,1,1.71,0.03
33,1,1.18,0.01
34,1,1.62,0.04
35,1,1.78,0.00
36,1,1.97,0.01
37,1,1.61,0.01
38,1,0.00,0.00
39,1,0.01,0.01
40,1,0.18,0.00
41,1,1.08,0.03
42,1,0.52,0.01
43,1,1.83,0.01
44,1,2.11,0.04
45,1,0.61,0.01
46,1,2.18,0.00
47,1,2.00,0.01
48,1,0.00,0.00
49,1,0.08,0.00
50,1,0.00,0.00
51,1,0.95,0.01
52,1,1.27,0.01
53,1,2.26,0.06
54,1,1.67,0.02
55,1,0.39,0.00
56,1,1.32,0.02
57,1,2.24,0.02
58,1,2.32,0.01
59,1,1.96,0.04
60,1,1.36,0.01
61,1,1.14,0.01
62,1,2.13,0.01
63,1,0.00,0.00
64,1,0.66,0.01
65,1,1.32,0.01
66,1,2.08,0.04
67,1,0.75,0.00
68,1,2.74,0.03
69,1,1.86,0.01
70,1,1.70,0.02
71,1,1.95,0.05
72,1,2.94,0.03
73,1,2.08,0.02
74,1,1.93,0.03
75,1,0.38,0.00
76,1,0.02,0.01
77,1,1.16,0.01
78,1,2.28,0.03
79,1,3.23,0.06
80,1,1.92,0.02
81,1,1.00,0.01
82,1,0.06,0.00
83,1,0.00,0.00
84,1,1.80,0.00
1,2,0.49,0.01
2,2,0.38,0.01
3,2,2.48,0.01
4,2,0.82,0.02
5,2,1.67,0.06
6,2,1.81,0.02
7,2,1.42,0.00
8,2,0.71,0.00
9,2,1.94,0.01
10,2,0.80,0.01
11,2,2.09,0.03
12,2,1.09,0.01
13,2,1.10,0.01
14,2,1.52,0.03
15,2,2.55,0.03
16,2,0.88,0.00
17,2,3.27,0.01
18,2,1.66,0.03
19,2,0.00,0.00
20,2,0.93,0.03
21,2,2.48,0.01
22,2,1.24,0.03
23,2,1.77,0.01
24,2,0.96,0.00
25,2,1.12,0.01
26,2,1.27,0.04
27,2,1.43,0.02
28,2,0.92,0.03
29,2,1.89,0.01
30,2,2.01,0.20
31,2,1.91,0.01
32,2,1.73,0.02
33,2,1.13,0.01
34,2,1.64,0.02
35,2,1.80,0.04
36,2,1.95,0.00
37,2,1.53,0.04
38,2,0.00,0.00
39,2,0.00,0.00
40,2,0.17,0.00
41,2,1.09,0.00
42,2,0.51,0.01
43,2,1.90,0.01
44,2,2.12,0.03
45,2,0.67,0.01
46,2,2.32,0.11
47,2,2.04,0.04
48,2,0.00,0.00
49,2,0.09,0.01
50,2,0.00,0.00
51,2,0.93,0.01
52,2,1.32,0.03
53,2,2.27,0.01
54,2,1.73,0.02
55,2,0.42,0.01
56,2,1.33,0.00
57,2,2.26,0.00
58,2,2.35,0.01
59,2,1.92,0.00
60,2,1.41,0.04
61,2,1.21,0.00
62,2,2.16,0.03
63,2,0.00,0.00
64,2,0.69,0.01
65,2,1.34,0.01
66,2,2.05,0.00
67,2,0.78,0.01
68,2,2.70,0.00
69,2,1.90,0.01
70,2,1.67,0.03
71,2,1.97,0.01
72,2,2.93,0.04
73,2,2.03,0.00
74,2,1.99,0.01
75,2,0.40,0.00
76,2,0.02,0.01
77,2,1.23,0.01
78,2,2.19,0.03
79,2,3.21,0.01
80,2,1.92,0.04
81,2,1.05,0.01
82,2,0.08,0.01
83,2,0.03,0.01
84,2,1.83,0.01
1,3,0.30,0.02
2,3,0.31,0.01
3,3,2.11,0.04
4,3,0.75,0.01
5,3,1.53,0.04
6,3,1.64,0.11
7,3,1.31,0.04
8,3,0.67,0.01
9,3,1.74,0.05
10,3,0.73,0.01
11,3,1.95,0.06
12,3,1.01,0.04
13,3,1.05,0.01
14,3,1.43,0.01
15,3,2.41,0.04
16,3,0.82,0.03
17,3,3.05,0.11
18,3,1.57,0.02
19,3,0.00,0.00
20,3,1.83,0.01
21,3,2.38,0.01
22,3,1.20,0.00
23,3,1.70,0.01
24,3,0.91,0.01
25,3,1.06,0.02
26,3,1.22,0.02
27,3,1.39,0.04
28,3,0.91,0.02
29,3,1.83,0.01
30,3,1.95,0.01
31,3,1.83,0.05
32,3,1.67,0.01
33,3,1.17,0.02
34,3,1.73,0.01
35,3,1.75,0.14
36,3,1.92,0.02
37,3,1.54,0.01
38,3,0.00,0.00
39,3,0.00,0.00
40,3,0.17,0.00
41,3,1.13,0.07
42,3,0.50,0.01
43,3,1.87,0.16
44,3,2.12,0.03
45,3,0.71,0.00
46,3,2.30,0.02
47,3,2.04,0.06
48,3,0.00,0.00
49,3,0.09,0.01
50,3,0.00,0.00
51,3,1.04,0.00
52,3,1.33,0.08
53,3,2.66,0.15
54,3,1.96,0.07
55,3,0.43,0.01
56,3,1.39,0.00
57,3,2.39,0.03
58,3,2.42,0.07
59,3,2.08,0.04
60,3,1.39,0.04
61,3,1.22,0.02
62,3,2.32,0.11
63,3,0.00,0.00
64,3,0.64,0.03
65,3,1.34,0.06
66,3,2.45,0.11
67,3,0.73,0.01
68,3,2.94,0.07
69,3,2.19,0.07
70,3,1.86,0.04
71,3,1.79,0.02
72,3,3.32,0.08
73,3,2.40,0.02
74,3,2.12,0.03
75,3,0.43,0.00
76,3,0.00,0.00
77,3,1.17,0.01
78,3,2.44,0.01
79,3,3.60,0.02
80,3,1.96,0.02
81,3,1.05,0.01
82,3,0.08,0.01
83,3,0.00,0.00
84,3,1.88,0.02
