subject,formulation,Cmax_Be,AUC_Be,Tmax_Be,Cmax_B,AUC_B,Tmax_B
1,1,673,2235,0.5,27,227,2
2,1,520,2157,0.5,34,174,3
3,1,617,2719,2,31,284,5
4,1,419,2083,0.5,31,329,4
5,1,715,2600,0.5,35,384,3
6,1,384,1792,0.5,37,396,4
7,1,764,2501,0.5,34,293,3
8,1,642,3057,1,49,593,5
9,1,581,2013,0.5,30,251,3
10,1,1104,3030,0.5,48,454,2
11,1,345,1487,0.5,22,197,2
12,1,467,1577,0.5,32,262,5
13,1,743,2224,0.5,43,309,2
15,1,264,890,0.5,15,111,5
16,1,358,1516,1,29,230,2
17,1,434,1898,0.5,31,282,4
18,1,400,1576,0.5,28,237,6
19,1,805,2900,0.5,54,561,3
20,1,684,1815,0.5,38,269,2
21,1,697,2102,0.5,31,338,2
22,1,702,2095,0.5,56,405,4
23,1,438,1629,0.5,26,180,3
24,1,409,1570,0.5,30,250,3
1,2,1284,4063,1,80,594,2
2,2,1330,3734,1,77,600,2
3,2,828,3542,0.5,47,588,5
4,2,571,2962,1,53,516,3
5,2,1643,6416,0.5,68,895,5
6,2,1220,4839,0.5,98,888,3
7,2,1624,4962,0.5,52,594,5
8,2,1625,6899,0.5,85,1185,5
9,2,1418,5513,0.5,103,884,2
10,2,1648,6005,0.5,90,952,4
11,2,631,2768,1,40,418,3
12,2,1030,3728,0.5,72,666,4
13,2,1736,5366,0.5,76,712,2
15,2,613,2860,0.5,47,520,5
16,2,788,3207,0.5,52,510,2
17,2,1004,3639,0.5,52,565,2
18,2,660,3569,1,70,817,4
19,2,1050,4886,1,72,879,4
20,2,1614,4114,0.5,107,583,1
21,2,1100,4517,3,51,543,4
22,2,1241,4363,0.5,90,698,3
23,2,981,3732,0.5,43,361,3
24,2,878,3873,1,62,725,3
1,3,452,1404,1,41,280,2
2,3,253,1094,2,20,111,3
3,3,374,2117,2,46,431,3
4,3,230,801,1,17,92,3
5,3,896,4602,2,75,931,7
6,3,330,1837,1,41,338,4
7,3,284,1423,0.5,33,272,3
8,3,523,2829,2,63,792,2
9,3,605,2667,2,56,470,4
10,3,467,2013,2,58,479,4
11,3,116,559,2,16,75,4
12,3,288,1133,1,36,296,3
13,3,503,2413,2,46,420,5
15,3,262,1202,2,36,256,2
16,3,314,1301,2,28,224,4
17,3,382,2411,2,54,551,4
18,3,463,1739,1,49,449,4
19,3,345,1850,2,48,482,4
20,3,428,1418,1,36,267,2
21,3,248,1129,2,40,270,3
22,3,479,2242,1,49,449,2
23,3,157,779,2,25,187,5
24,3,343,1606,1,29,296,4
