dogName,gender,coatColor,ageDays,ERTscore,SC_pre,SC_post,dSC_popr,PC_pre,PC_post,dPC_popr,anxiety
Ace,M,B,768,75,0.262,0.186,-0.079,1.42,1.63,0.21,0
Annie,F,Y,821,51,0.208,0.256,0.048,1.05,2.21,1.16,2.5
Baxter,M,B,1186,65,0.133,0.228,0.095,1.97,4.55,2.58,2
Bullet,M,Y,1347,75,0.119,0.115,-0.004,0.99,2.5,1.51,1.75
Dakota,F,B,863,72,0.169,0.195,0.026,1.27,2.22,0.95,0
Honey,F,Y,829,48,0.089,0.166,0.007,2.22,4.15,1.93,2.75
Hunter,M,B,659,71,0.156,0.373,0.217,0.99,1.46,0.47,1
Jimmy,FS,B,1025,73,0.11,0.245,0.135,1.68,3.7,2.02,1.5
Macks,M,B,872,63,0.065,0.192,0.127,0.99,1.15,0.16,0.75
Mercy,FS,B,1012,74,0.413,0.103,-0.31,0.99,1.83,0.84,-0.25
Piper,F,Y,741,36,0.049,0.24,0.191,1.05,5.41,4.36,1
Reno,M,Y,920,71,0.206,0.158,-0.048,0.99,4.02,3.03,0.75
Rip,M,B,774,68,0.216,0.27,0.054,1.4,2.19,0.79,1.75
Ruby,FS,Y,805,74,0.116,0.139,0.023,1.39,1.83,0.44,0.75
Valentine,F,B,752,58,0.13,0.222,0.092,1.31,5.77,4.46,1.75
Wizard,M,B,821,71,0.09,0.156,0.066,1.28,2.37,1.09,0.5
