drink,container,subject,intensity
1,1,1,61.7099053
1,1,2,61.7515357
1,1,3,69.4510124
1,1,4,38.9441162
1,1,5,56.2448593
1,1,6,52.2291992
1,1,7,45.4182506
1,1,8,74.6586234
1,1,9,49.3525186
1,1,10,78.8981942
1,1,11,65.9582442
1,1,12,60.7159093
1,1,13,35.7222764
1,1,14,88.0939473
1,1,15,68.5155827
1,1,16,84.1818627
1,1,17,62.1715917
1,1,18,75.6888011
1,1,19,53.7371913
1,1,20,71.8134953
1,1,21,67.9638492
1,1,22,48.2033466
1,1,23,43.8297715
1,1,24,45.3917927
1,1,25,65.4485261
1,1,26,53.7558298
1,1,27,47.30846
1,1,28,22.5883531
1,1,29,94.4846217
1,1,30,42.5978455
1,1,31,102.3662907
1,1,32,67.6318019
1,1,33,47.1268169
1,1,34,68.2696207
1,1,35,17.8985512
1,1,36,33.2137939
1,1,37,50.1381884
1,1,38,29.1891239
1,1,39,62.7348825
1,1,40,61.9240984
1,1,41,64.1362624
1,1,42,61.5994678
1,1,43,67.6895547
1,1,44,74.0200866
1,1,45,69.2360529
1,1,46,67.6574605
1,1,47,52.0890643
1,1,48,46.0195873
1,1,49,53.6361431
1,1,50,48.2224274
1,1,51,23.3699464
1,1,52,46.509545
1,1,53,57.6829307
1,1,54,38.7067061
1,1,55,65.4704476
1,1,56,90.6150315
1,1,57,110.2039886
1,1,58,66.1453456
1,1,59,73.1926298
1,1,60,57.3928802
1,1,61,60.0053182
1,1,62,123.8415203
1,1,63,57.7196183
1,1,64,51.2340468
1,1,65,49.5547896
1,1,66,87.9523328
1,1,67,70.2083369
1,1,68,88.8961773
1,1,69,91.0210183
1,1,70,87.9439371
1,1,71,66.5661474
1,1,72,44.9528742
1,1,73,33.7380155
1,1,74,44.4934333
1,1,75,91.8376745
1,1,76,55.6877312
1,1,77,39.3724603
1,1,78,73.3344734
1,1,79,68.3880503
1,1,80,52.3546014
1,1,81,27.4346564
1,1,82,19.3883207
1,1,83,66.8873768
1,1,84,62.0366391
1,1,85,71.8693559
1,1,86,77.6351727
1,1,87,116.1639918
1,1,88,49.9537766
1,1,89,57.7412626
1,1,90,40.3307287
1,1,91,61.9226607
1,1,92,32.0915068
1,1,93,68.2344079
1,1,94,89.3377293
1,1,95,85.9311551
1,1,96,67.8085573
1,1,97,65.6377284
1,1,98,60.5707973
1,1,99,73.0765381
1,1,100,70.9268407
1,2,1,31.8734818
1,2,2,63.3521694
1,2,3,68.9715096
1,2,4,-9.4029293
1,2,5,38.1658962
1,2,6,70.8296076
1,2,7,47.1800955
1,2,8,16.1918453
1,2,9,57.9519909
1,2,10,35.1187821
1,2,11,34.0256844
1,2,12,31.3518608
1,2,13,29.9594902
1,2,14,54.6467659
1,2,15,62.2720671
1,2,16,45.3557676
1,2,17,51.1258722
1,2,18,44.4419664
1,2,19,62.03013
1,2,20,99.5553393
1,2,21,12.9039562
1,2,22,37.2208529
1,2,23,56.5639193
1,2,24,65.3520384
1,2,25,56.302229
1,2,26,41.5520544
1,2,27,42.2182868
1,2,28,25.3088164
1,2,29,41.5375862
1,2,30,50.768884
1,2,31,62.9040941
1,2,32,45.3567167
1,2,33,63.2408011
1,2,34,34.9971304
1,2,35,25.0430626
1,2,36,73.9295192
1,2,37,51.5357629
1,2,38,23.5216879
1,2,39,59.6491654
1,2,40,37.3088466
1,2,41,78.9740578
1,2,42,45.3197252
1,2,43,72.1170238
1,2,44,23.4509045
1,2,45,13.5824708
1,2,46,54.1908515
1,2,47,64.5614114
1,2,48,48.1454389
1,2,49,50.6060958
1,2,50,78.7816798
1,2,51,43.3963197
1,2,52,49.6400274
1,2,53,75.7321219
1,2,54,29.2083224
1,2,55,62.5561675
1,2,56,70.366447
1,2,57,39.7336037
1,2,58,44.5697531
1,2,59,64.4522698
1,2,60,38.2955524
1,2,61,57.7266283
1,2,62,63.9782854
1,2,63,58.7066456
1,2,64,80.1550091
1,2,65,44.0591885
1,2,66,76.6824017
1,2,67,42.8092848
1,2,68,68.754869
1,2,69,60.3281651
1,2,70,57.3123616
1,2,71,98.2201535
1,2,72,52.806248
1,2,73,63.3675945
1,2,74,50.422906
1,2,75,79.4570804
1,2,76,60.4731549
1,2,77,14.6292436
1,2,78,74.529953
1,2,79,60.1691978
1,2,80,52.4517229
1,2,81,58.5532601
1,2,82,64.9220599
1,2,83,27.4375312
1,2,84,56.5064386
1,2,85,60.8324778
1,2,86,94.4474673
1,2,87,59.6176818
1,2,88,23.5937049
1,2,89,82.7767296
1,2,90,52.6016894
1,2,91,47.8107853
1,2,92,16.4550854
1,2,93,92.5897636
1,2,94,45.7035154
1,2,95,42.4021139
1,2,96,35.6143695
1,2,97,60.8256715
1,2,98,53.8690334
1,2,99,61.4449782
1,2,100,69.0625022
1,3,1,29.1869437
1,3,2,28.5796333
1,3,3,64.9949823
1,3,4,30.0760184
1,3,5,65.3503649
1,3,6,50.3007234
1,3,7,-0.5385589
1,3,8,38.0159995
1,3,9,46.1965052
1,3,10,42.652521
1,3,11,37.9438587
1,3,12,34.5813734
1,3,13,21.9031982
1,3,14,75.7407978
1,3,15,79.305484
1,3,16,41.872763
1,3,17,13.8774302
1,3,18,30.055476
1,3,19,41.1001108
1,3,20,68.7713108
1,3,21,69.404284
1,3,22,35.4999004
1,3,23,46.7937685
1,3,24,64.3620258
1,3,25,51.3718777
1,3,26,35.0453456
1,3,27,27.2791924
1,3,28,39.1070633
1,3,29,31.5761979
1,3,30,41.2655118
1,3,31,67.8657662
1,3,32,47.7707869
1,3,33,26.7808039
1,3,34,57.0655226
1,3,35,26.9158269
1,3,36,32.6426412
1,3,37,46.0523841
1,3,38,32.9131217
1,3,39,52.0773591
1,3,40,27.0628487
1,3,41,67.8500946
1,3,42,41.7805199
1,3,43,31.5079697
1,3,44,43.3559208
1,3,45,44.8468357
1,3,46,13.7750591
1,3,47,17.1805379
1,3,48,25.8506163
1,3,49,49.1016701
1,3,50,24.0604702
1,3,51,19.8356414
1,3,52,31.088747
1,3,53,17.9374511
1,3,54,32.4060499
1,3,55,58.4703021
1,3,56,60.8195093
1,3,57,41.7812769
1,3,58,32.3166215
1,3,59,64.2282102
1,3,60,14.3823814
1,3,61,36.4543967
1,3,62,71.9087591
1,3,63,38.0775153
1,3,64,43.4635511
1,3,65,74.6565914
1,3,66,91.601177
1,3,67,51.8475132
1,3,68,80.5732017
1,3,69,49.1022206
1,3,70,49.954221
1,3,71,42.7178512
1,3,72,17.6426084
1,3,73,36.9981514
1,3,74,40.0651691
1,3,75,56.8893296
1,3,76,41.8302296
1,3,77,25.0828653
1,3,78,34.5834896
1,3,79,52.629631
1,3,80,44.0464207
1,3,81,40.5289187
1,3,82,65.4381028
1,3,83,57.4306983
1,3,84,34.4650751
1,3,85,99.1510105
1,3,86,53.1483727
1,3,87,51.2007581
1,3,88,74.0361671
1,3,89,64.8663602
1,3,90,25.1737651
1,3,91,25.1509126
1,3,92,67.0834366
1,3,93,86.6011776
1,3,94,89.9213118
1,3,95,31.4054396
1,3,96,50.2970936
1,3,97,36.1178871
1,3,98,72.0609659
1,3,99,63.4979977
1,3,100,54.9046064
2,1,1,-19.4161174
2,1,2,17.2892045
2,1,3,29.2827791
2,1,4,5.8448129
2,1,5,15.6595898
2,1,6,28.5726413
2,1,7,11.6883326
2,1,8,19.0646529
2,1,9,9.602138
2,1,10,-10.0903968
2,1,11,41.0093452
2,1,12,8.453008
2,1,13,22.7532151
2,1,14,-1.0318461
2,1,15,29.5782288
2,1,16,19.9216408
2,1,17,13.0407968
2,1,18,4.5228329
2,1,19,-11.5675332
2,1,20,42.8273402
2,1,21,13.468657
2,1,22,16.603716
2,1,23,7.0601906
2,1,24,18.4244218
2,1,25,-3.5077147
2,1,26,-15.5494072
2,1,27,51.1038628
2,1,28,14.1028262
2,1,29,9.4339952
2,1,30,-3.7672789
2,1,31,13.6764551
2,1,32,21.3662994
2,1,33,14.1946734
2,1,34,-0.7130735
2,1,35,21.1974017
2,1,36,-3.1986227
2,1,37,-38.2923238
2,1,38,31.7443789
2,1,39,17.5079475
2,1,40,-10.1570387
2,1,41,40.4043889
2,1,42,-12.9373683
2,1,43,7.7169154
2,1,44,21.4630554
2,1,45,0.3687844
2,1,46,2.5019599
2,1,47,-0.1598751
2,1,48,-31.42321
2,1,49,-2.2455433
2,1,50,-10.1352956
2,1,51,-15.4081449
2,1,52,23.8055756
2,1,53,-19.6144383
2,1,54,19.8361825
2,1,55,-22.2353666
2,1,56,9.2016201
2,1,57,52.1888235
2,1,58,10.6042823
2,1,59,35.0572898
2,1,60,4.054693
2,1,61,51.8510469
2,1,62,57.1924659
2,1,63,19.7239618
2,1,64,2.379236
2,1,65,24.7435706
2,1,66,51.0355063
2,1,67,-17.7817536
2,1,68,33.336333
2,1,69,14.3403911
2,1,70,40.5091023
2,1,71,-6.563563
2,1,72,6.0735951
2,1,73,34.6728421
2,1,74,57.173251
2,1,75,29.8123094
2,1,76,22.2152307
2,1,77,1.7516678
2,1,78,-14.5921842
2,1,79,18.0387066
2,1,80,29.2955456
2,1,81,31.4939515
2,1,82,2.1255376
2,1,83,-20.3432342
2,1,84,31.0894562
2,1,85,32.9215695
2,1,86,15.531495
2,1,87,25.0010851
2,1,88,20.6885098
2,1,89,-10.3407178
2,1,90,2.4088254
2,1,91,31.0859385
2,1,92,5.9191085
2,1,93,18.4573628
2,1,94,34.9844387
2,1,95,-3.9738146
2,1,96,34.3736018
2,1,97,-22.3198331
2,1,98,36.2265904
2,1,99,28.9615165
2,1,100,37.7529904
2,2,1,-11.5460987
2,2,2,30.4609338
2,2,3,16.8867436
2,2,4,3.8833569
2,2,5,35.1378378
2,2,6,20.5469106
2,2,7,46.6624477
2,2,8,8.6609811
2,2,9,-8.0304385
2,2,10,7.4282193
2,2,11,0.8469466
2,2,12,14.0204898
2,2,13,14.6416692
2,2,14,-22.3491929
2,2,15,33.0589697
2,2,16,11.7483566
2,2,17,45.4404252
2,2,18,-20.0369911
2,2,19,-2.1761887
2,2,20,25.3744345
2,2,21,30.1014596
2,2,22,28.0007426
2,2,23,-4.172498
2,2,24,30.2561334
2,2,25,12.2952
2,2,26,7.8592122
2,2,27,60.0346581
2,2,28,27.9241462
2,2,29,1.4904681
2,2,30,11.8481843
2,2,31,11.6719593
2,2,32,-27.0634976
2,2,33,-15.9001737
2,2,34,-4.0517932
2,2,35,-5.0547329
2,2,36,10.2069124
2,2,37,-4.3455031
2,2,38,9.9032237
2,2,39,-10.6421506
2,2,40,25.8963249
2,2,41,30.2737906
2,2,42,-14.5895663
2,2,43,-21.7466853
2,2,44,17.6916926
2,2,45,17.4122809
2,2,46,13.985966
2,2,47,3.0876597
2,2,48,2.4787132
2,2,49,11.235282
2,2,50,9.7526769
2,2,51,17.2661873
2,2,52,32.2929118
2,2,53,3.1960028
2,2,54,17.8250902
2,2,55,25.9914407
2,2,56,-4.9069834
2,2,57,39.6663974
2,2,58,17.4716714
2,2,59,35.5428993
2,2,60,12.3042539
2,2,61,28.0736231
2,2,62,48.6342242
2,2,63,16.5841087
2,2,64,-14.8946665
2,2,65,5.1583385
2,2,66,-1.0273302
2,2,67,-12.549177
2,2,68,10.6300513
2,2,69,18.7051711
2,2,70,6.584168
2,2,71,-0.3484207
2,2,72,44.616864
2,2,73,-1.4937801
2,2,74,31.968648
2,2,75,52.6877666
2,2,76,19.3119652
2,2,77,13.9214659
2,2,78,15.7880755
2,2,79,32.2102736
2,2,80,3.0113067
2,2,81,17.3623649
2,2,82,35.7814254
2,2,83,-13.1829877
2,2,84,5.9502454
2,2,85,22.9401547
2,2,86,35.7513166
2,2,87,-9.2432307
2,2,88,13.6381068
2,2,89,6.1518994
2,2,90,15.672268
2,2,91,20.746303
2,2,92,58.2923394
2,2,93,54.4823006
2,2,94,6.9677572
2,2,95,-4.7492221
2,2,96,40.4324818
2,2,97,14.7563256
2,2,98,34.755444
2,2,99,49.2206741
2,2,100,91.5515878
2,3,1,30.8003242
2,3,2,26.9274225
2,3,3,36.2637917
2,3,4,-27.8508039
2,3,5,28.6088319
2,3,6,22.1687233
2,3,7,17.2434986
2,3,8,13.0643291
2,3,9,13.3142457
2,3,10,-8.8144446
2,3,11,-5.1809408
2,3,12,-11.6483052
2,3,13,28.3187665
2,3,14,18.0888392
2,3,15,4.219503
2,3,16,-2.3395156
2,3,17,-13.4620198
2,3,18,9.0135657
2,3,19,5.835244
2,3,20,72.3547499
2,3,21,24.3073649
2,3,22,8.1133513
2,3,23,27.1384906
2,3,24,17.5512161
2,3,25,-22.7319703
2,3,26,-17.2328684
2,3,27,21.5973839
2,3,28,6.642998
2,3,29,28.9961022
2,3,30,-0.7908634
2,3,31,28.6383054
2,3,32,19.6549847
2,3,33,22.6153798
2,3,34,17.321363
2,3,35,6.5439168
2,3,36,-21.3757161
2,3,37,-51.7927883
2,3,38,-14.203821
2,3,39,6.3052827
2,3,40,33.3727029
2,3,41,30.2180201
2,3,42,11.2966407
2,3,43,-9.621854
2,3,44,8.6247113
2,3,45,-7.6838335
2,3,46,-12.5089304
2,3,47,-7.0445425
2,3,48,28.3372723
2,3,49,8.9472764
2,3,50,22.5208356
2,3,51,-8.5206183
2,3,52,-16.2053403
2,3,53,-5.331758
2,3,54,-1.6888253
2,3,55,6.7817957
2,3,56,22.612742
2,3,57,42.4105314
2,3,58,-17.6024347
2,3,59,50.5258915
2,3,60,-0.3123373
2,3,61,21.2604322
2,3,62,24.627175
2,3,63,15.3092831
2,3,64,-1.4431426
2,3,65,9.8831675
2,3,66,28.9492552
2,3,67,-7.0489532
2,3,68,23.8480395
2,3,69,69.8159695
2,3,70,-9.7367459
2,3,71,8.4962573
2,3,72,10.0585202
2,3,73,15.2041369
2,3,74,30.6566274
2,3,75,45.3951972
2,3,76,-1.8487147
2,3,77,14.7689311
2,3,78,-26.5929353
2,3,79,-4.4404132
2,3,80,4.8511378
2,3,81,20.5588403
2,3,82,8.8319086
2,3,83,-7.3920381
2,3,84,6.1692881
2,3,85,-18.5483257
2,3,86,-18.2201784
2,3,87,5.0378211
2,3,88,-2.0026936
2,3,89,-6.2468982
2,3,90,-12.6856649
2,3,91,18.0938654
2,3,92,46.9355707
2,3,93,9.761852
2,3,94,13.0284464
2,3,95,22.2773464
2,3,96,5.3999832
2,3,97,-27.2475984
2,3,98,13.6760361
2,3,99,1.7043366
2,3,100,35.5030152
