subjectID,formulation,AUC_0t,AUC_0inf,C_max,T_max,lambda_z,T_0.5
1,T,5724.4,6107.77,775.71,2.5,0.19,3.68
2,T,1518.37,1559.37,1088.93,1,0.66,1.06
3,T,1186.72,1247.21,549.46,2,0.67,1.04
4,T,805.7,869.29,259.24,1,0.56,1.24
5,T,1155.86,1210.83,617.6,0.67,0.63,1.1
6,T,2380.6,2449.14,723.69,1.67,0.4,1.73
7,T,1077.61,1101.32,676.98,1.33,0.92,0.75
8,T,1755.64,1811.35,1027.63,1.33,0.8,0.86
9,T,973.11,997.42,726.5,1,0.86,0.81
10,T,689.05,728.86,402.61,1.33,1,0.7
11,T,1323.86,1446.42,517.65,1.67,0.48,1.46
12,T,1367.1,1404.92,724.68,1.67,0.79,0.88
13,T,3092.67,3153.61,1000.02,1.33,0.43,1.61
14,T,1730.24,1783.64,859.9,1,0.7,0.99
15,T,1070.01,1135.48,704.49,1.67,0.79,0.88
16,T,1803.08,1849.72,1101.85,0.67,0.65,1.07
17,T,2507.96,2575.22,977.05,1.33,0.52,1.34
18,T,2051.32,2089.22,1040.51,1.67,0.6,1.16
19,T,1181.96,1237.8,558.82,1.67,0.86,0.81
20,T,1097.87,1118.8,804.68,1.33,1.06,0.65
21,T,1339.46,1392.86,653.11,2,0.73,0.95
22,T,3610.07,3715.98,1872.63,0.67,0.48,1.45
23,T,847.34,879,623.53,1,0.8,0.86
24,T,1655.91,1739.99,864.15,1,0.58,1.2
25,T,1285.73,1413.65,708.9,1,0.81,0.86
26,T,2044.78,2121.1,536.57,1.67,0.3,2.32
1,R,5204.49,5479.24,1093.93,1,0.19,3.59
2,R,1172.63,1218.05,448.64,4,0.77,0.9
3,R,1720.13,1753.86,650.23,3,0.66,1.06
4,R,2390.36,2445.39,1002.91,1.67,0.58,1.19
5,R,762.54,794.06,302.34,2.5,0.8,0.87
6,R,3050.71,3110.23,923.12,2.5,0.41,1.7
7,R,1044.55,1087.05,631.89,1.33,0.81,0.86
8,R,1760.97,1798.06,899.53,1.33,0.72,0.96
9,R,1196.18,1220.28,842.71,1.33,0.97,0.72
10,R,702.22,730.07,498.46,2.5,1.1,0.63
11,R,1399.5,1470.66,720.23,1.67,0.63,1.09
12,R,232.78,382.08,101.81,2.5,0.31,2.26
13,R,3354.46,3435.88,1130.11,1.33,0.41,1.7
14,R,1475.54,1537.4,739.26,2,0.75,0.92
15,R,1381.2,1414.83,674.09,1.33,0.74,0.94
16,R,1454.36,1516.9,597.21,1,0.61,1.14
17,R,2160.75,2258.86,781.99,2,0.5,1.38
18,R,1192.23,1332.68,465.25,1.67,0.51,1.36
19,R,1220.58,1266.78,699.28,1.33,0.9,0.77
20,R,395.9,439.7,249.9,1.67,0.96,0.72
21,R,1431.47,1476.91,705.1,1.33,0.67,1.03
22,R,2995.25,3095.12,1093,1.33,0.48,1.45
23,R,869.04,911.96,523.03,1.33,0.8,0.86
24,R,1436.13,1508.53,865.76,1.33,0.62,1.12
25,R,3253.84,3337.19,1009.81,1,0.36,1.91
26,R,1185.02,1244.11,818.97,1.33,0.76,0.91
