gender,subjID,form,tmax_lop,Cmax_lop,AUC24_lop,AUCinf_lop,t12_lop,tmax_rit,Cmax_rit,AUC24_rit,AUCinf_rit,t12_rit
1,1,T,5,6.33,75.5,79,4.14,,,,,
1,2,T,5,7.12,72.6,75.3,4.11,5,0.566,4.12,6.01,10
1,3,T,5,5.31,55.1,55.7,2.92,5,0.374,2.3,3,4.81
1,4,T,5,8.84,130,132,9.73,5,0.766,6.99,11.3,13
1,5,T,5,4.58,40.4,40.8,2.67,5,0.37,1.81,2.12,2.97
1,6,T,4,7.47,85,91.3,5.68,4,0.465,4.07,4.8,5.69
1,7,T,3,6.21,77.6,95.4,5.26,3,0.419,2.27,2.52,2.18
1,8,T,5,7.83,86.9,101,7.15,5,0.756,4.65,5.21,4.05
2,9,T,5,7.22,96,102,4.57,5,0.682,5.17,5.88,4.24
2,10,T,3,7.82,78.9,79.4,2.43,3,0.712,4.28,4.65,2.6
2,11,T,5,8.04,106,125,6.98,5,0.766,6.45,7.07,5.24
2,12,T,4,9.39,141,143,10.7,5,1.1,9.29,10.3,6.3
2,13,T,4,7.6,90.8,93,3.51,3,0.74,4.63,7.42,11
2,14,T,2,6.4,70.8,72.5,3.68,1,0.549,3.81,4.5,4.59
2,15,T,4,10.1,128,151,7.46,,,,,
2,16,T,4,6.8,81.5,87.9,5.17,4,0.907,4.59,5.21,5.04
1,1,R,5,5.66,65.2,68.7,4.55,,,,,
1,2,R,6,6,57,58.9,3.54,5,0.445,3.41,4.47,2.3
1,3,R,4,4.64,49.8,51.3,3.96,4,0.472,2.65,3.17,5.1
1,4,R,5,7.97,119,149,8.2,6,0.72,6.19,7.68,7.45
1,5,R,5,5.28,44.8,47.6,2.6,5,0.313,1.51,2.13,4.26
1,6,R,4,7.71,97.4,108,5.97,3,0.567,4.41,5.01,4.62
1,7,R,5,6.96,83,85,3.44,3,0.399,2.92,5.08,11.6
1,8,R,5,7.14,85.7,102,7.86,5,0.668,4.18,4.73,4.02
2,9,R,5,7.19,92.9,97.2,4.09,5,0.693,5.27,6.12,4.71
2,10,R,5,6.67,72.5,73.8,3.16,5,0.6,3.71,4.29,4.64
2,11,R,5,8.12,108,118,5.47,5,0.73,5.7,6.69,4.26
2,12,R,3,9.83,147,148,9.24,5,1.11,9.28,12.1,7.11
2,13,R,4,7.94,87.6,90.3,3.77,4,0.697,4.45,4.83,3.82
2,14,R,5,5.71,62.2,63.8,3.63,5,0.414,2.83,3.41,3.71
2,15,R,5,8.48,129,168,9.49,,,,,
2,16,R,3,7.74,87,90.8,4.27,3,0.708,3.84,4.52,4.05
