patnum,time_lb,lbrow
1,10,143
2,10,142
3,10,109
4,10,123
5,10,276
6,10,235
7,10,208
8,10,267
9,10,183
10,10,245
11,10,324
12,10,148
13,10,130
14,10,119
15,10,102
16,10,279
17,10,244
18,10,196
19,10,279
20,10,167
21,10,345
22,10,524
1,2,368
2,2,155
3,2,167
4,2,135
5,2,216
6,2,386
7,2,175
8,2,358
9,2,193
10,2,268
11,2,507
12,2,378
13,2,142
14,2,171
15,2,94
16,2,204
17,2,365
18,2,168
19,2,358
20,2,183
21,2,238
22,2,507
1,3,345
2,3,161
3,3,356
4,3,137
5,3,232
6,3,398
7,3,207
8,3,698
9,3,631
10,3,572
11,3,556
12,3,342
13,3,150
14,3,333
15,3,93
16,3,229
17,3,392
18,3,199
19,3,822
20,3,731
21,3,572
22,3,520
1,4,772
2,4,178
3,4,956
4,4,187
5,4,307
6,4,425
7,4,293
8,4,771
9,4,403
10,4,1383
11,4,504
12,4,796
13,4,173
14,4,1062
15,4,69
16,4,299
17,4,406
18,4,287
19,4,671
20,4,203
21,4,1652
22,4,504
