ID,condition,peakPwr
1,1,161.04
2,1,545.41
3,1,250.62
4,1,335.20
5,1,468.99
6,1,760.00
7,1,521.56
8,1,360.40
9,1,369.63
10,1,635.16
11,1,999.00
12,1,363.08
13,1,495.95
14,1,739.62
15,1,581.12
16,1,474.03
17,1,422.69
18,1,748.24
19,1,706.40
20,1,556.59
21,1,591.04
22,1,423.58
23,1,570.58
24,1,633.48
25,1,577.41
26,1,785.31
27,1,497.51
28,1,466.19
29,1,766.92
1,2,203.03
2,2,567.66
3,2,189.51
4,2,333.73
5,2,497.13
6,2,822.49
7,2,540.76
8,2,372.84
9,2,416.69
10,2,627.64
11,2,1081.27
12,2,375.80
13,2,471.83
14,2,773.83
15,2,622.00
16,2,516.86
17,2,482.83
18,2,821.54
19,2,733.09
20,2,566.54
21,2,614.71
22,2,426.93
23,2,632.84
24,2,731.24
25,2,501.93
26,2,854.19
27,2,552.13
28,2,448.23
29,2,750.15
