swimCap,swimmer,bodyVol
1,1,68.79968
1,2,61.36159
1,3,55.91562
1,4,52.26723
1,5,61.34221
1,6,52.8595
1,7,56.24549
1,8,60.05517
1,9,53.63373
1,10,61.56775
1,11,44.84559
1,12,51.44961
1,13,57.7469
1,14,55.58541
1,15,54.12489
1,16,47.42611
1,17,50.40519
1,18,53.25499
1,19,56.01917
1,20,51.6161
1,21,58.7061
1,22,64.8169
1,23,54.38603
1,24,54.01445
1,25,58.9589
1,26,52.18039
1,27,50.78409
1,28,46.7136
1,29,50.72034
1,30,50.96727
2,1,69.66856
2,2,61.88912
2,3,56.31609
2,4,53.06766
2,5,61.79095
2,6,53.45289
2,7,56.93367
2,8,60.25845
2,9,53.7824
2,10,62.35618
2,11,45.02645
2,12,52.74158
2,13,57.62931
2,14,55.49685
2,15,54.78767
2,16,48.08393
2,17,50.73777
2,18,54.43158
2,19,56.54411
2,20,52.00176
2,21,59.32534
2,22,65.24192
2,23,54.6126
2,24,54.74129
2,25,59.33361
2,26,53.23066
2,27,52.426
2,28,47.1401
2,29,51.26424
2,30,51.85727
3,1,69.63541
3,2,62.17403
3,3,56.44048
3,4,53.56329
3,5,62.19264
3,6,54.0566
3,7,57.4309
3,8,59.7095
3,9,53.61667
3,10,62.32498
3,11,45.40064
3,12,52.21663
3,13,58.42808
3,14,56.27908
3,15,55.29405
3,16,47.80466
3,17,51.12009
3,18,54.24096
3,19,56.86525
3,20,52.2809
3,21,59.61187
3,22,65.65832
3,23,55.21157
3,24,54.28634
3,25,59.58648
3,26,52.80572
3,27,52.01861
3,28,47.68019
3,29,50.56631
3,30,51.74975
