tooth,cement,sbstrength
1,1,6.306
1,2,4.182
2,1,4.437
2,3,4.196
3,2,4.731
3,3,5.447
4,1,13.607
4,2,3.244
5,1,8.094
5,3,3.559
6,2,4.866
6,3,6.446
7,1,9.737
7,2,4.028
8,1,7.290
8,3,4.088
9,2,4.283
9,3,6.311
10,1,4.658
10,2,4.893
11,1,11.689
11,3,4.557
12,2,3.364
12,3,6.591
13,1,11.420
13,2,3.867
14,1,6.476
14,3,2.500
15,2,3.096
15,3,4.852
16,1,4.926
16,2,2.935
17,1,7.070
17,3,3.445
18,2,4.765
18,3,4.711
19,1,3.847
19,2,2.540
20,1,9.452
20,3,4.337
21,2,4.597
21,3,5.582
22,1,7.270
22,2,1.977
23,1,8.289
23,3,6.142
24,2,3.344
24,3,7.045
25,1,6.711
25,2,3.626
26,1,11.155
26,3,4.222
27,2,4.068
27,3,4.645
28,1,6.886
28,2,3.270
29,1,10.181
29,3,4.531
30,2,6.536
30,3,4.718
31,1,8.349
31,2,3.304
32,1,11.789
32,3,3.452
33,2,4.088
33,3,5.058
34,1,7.635
34,2,3.512
35,1,10.051
35,3,3.854
36,2,3.686
36,3,6.641
37,1,8.169
37,2,2.460
38,1,6.461
38,3,3.699
39,2,3.478
39,3,4.504
40,1,7.435
40,2,4.511
41,1,5.542
41,3,4.940
42,2,5.507
42,3,4.048
43,1,12.828
43,2,2.493
44,1,5.283
44,3,3.881
45,2,3.572
45,3,6.376
46,1,12.198
46,2,1.977
47,1,10.216
47,3,3.485
48,2,3.425
48,3,4.149
49,1,14.505
49,2,2.647
50,1,3.626
50,3,4.578
51,2,5.418
51,3,6.122
52,1,11.674
52,2,3.304
53,1,6.226
53,3,3.646
54,2,3.445
54,3,5.348
55,1,5.852
55,2,1.749
56,1,12.633
56,3,4.778
57,2,5.482
57,3,5.233
58,1,11.225
58,2,2.420
59,1,9.727
59,3,3.425
60,2,5.812
60,3,3.478
61,1,3.110
61,2,2.708
62,1,5.947
62,3,4.175
63,2,4.839
63,3,4.128
64,1,8.793
64,2,1.890
65,1,4.484
65,3,5.228
66,2,5.173
66,3,5.437
67,1,8.653
67,2,3.593
68,1,6.386
68,3,4.725
69,2,4.799
69,3,1.770
70,1,12.468
70,2,3.177
71,1,6.271
71,3,4.591
72,2,4.782
72,3,6.107
73,1,3.666
73,2,2.051
74,1,6.871
74,3,4.323
75,2,4.108
75,3,7.425
76,1,4.363
76,2,3.079
77,1,3.733
77,3,3.606
78,2,5.872
78,3,3.043
79,1,5.642
79,2,2.285
80,1,4.672
80,3,5.383
81,2,4.866
81,3,5.368
82,1,6.776
82,2,3.237
83,1,4.531
83,3,3.840
84,2,3.928
84,3,5.183
85,1,7.750
85,2,1.381
86,1,5.233
86,3,5.872
87,2,3.954
87,3,5.597
88,1,9.867
88,2,2.118
89,1,9.637
89,3,4.725
90,2,4.645
90,3,3.385
91,1,11.410
91,2,4.698
92,1,10.236
92,3,6.461
93,2,2.493
93,3,2.366
94,1,10.576
94,2,5.098
95,1,11.110
95,3,4.953
96,2,2.929
96,3,4.202
97,1,9.228
97,2,4.899
98,1,8.089
98,3,4.035
99,2,5.418
99,3,6.251
