Block,Trt,Yield
1,2,51.5
1,7,36.75
1,11,21
1,15,41.56
1,19,22.25
2,1,50.75
2,10,52.5
2,11,32.25
2,12,44
2,13,32
3,5,51.75
3,9,58.5
3,11,29.75
3,14,70.75
3,20,56
4,3,37.25
4,8,37.25
4,11,17.5
4,17,26.75
4,18,45.75
5,1,33.75
5,6,45.75
5,7,49.25
5,8,55.25
5,9,62.8
6,5,46.5
6,8,78
6,10,59
6,15,49.5
6,21,72.5
7,2,61.25
7,8,53
7,12,45
7,16,47.75
7,20,35
8,1,40.5
8,2,58.5
8,3,35.25
8,4,45.5
8,5,31.25
9,1,40.5
9,18,49
9,19,38.5
9,20,47.75
9,21,51
10,4,51.25
10,6,47.25
10,11,24.75
10,16,58.75
10,21,50.5
11,1,39.5
11,14,55.25
11,15,37.75
11,16,48.25
11,17,46.75
12,4,36.5
12,7,44
12,10,51.75
12,17,35.25
12,20,43.5
13,3,42.5
13,6,50.25
13,13,30.75
13,15,38.75
13,20,42.25
14,5,41
14,6,62.5
14,12,50.25
14,17,40.5
14,19,28
15,4,47.5
15,9,65
15,12,51
15,15,49.75
15,18,64.5
16,3,38.75
16,7,55
16,12,51.25
16,14,57.5
16,21,55.5
17,5,43
17,7,67
17,13,46
17,16,64.5
17,18,70.5
18,2,68.25
18,6,74
18,10,98.12
18,14,93.25
18,18,86
19,2,67
19,9,66
19,13,31.75
19,17,49
19,21,56.75
20,4,62
20,8,82.25
20,13,44.75
20,14,76.75
20,19,46.75
21,3,46.25
21,9,65.5
21,10,74.25
21,16,68.5
21,19,50.25
